,content_hash_id,client_hash_id,total_impressions,total_clicks,avg_position,ctr,position_bucket,expected_ctr,ctr_gap,opportunity_score,word_count,char_count,content_created_date,content_updated_date,last_optimized_date,content_type,days_since_updated,visible_queries,rare_share,anon_share,query_count_bucket
0,content_943dc881428182b8,client_8ddc46da5414ffd8,680046.0,914.0,3.498362107157023,0.0013440267276037209,4-6,0.004737103307584282,0.003393076579980561,2307.4481559094606,2902,17325,2026-04-09,2026-06-22,2026-06-22,keyword article,66,193.0,0.0012690318007899466,0.10631486693547201,"(15.0, 1551.0]"
1,content_acbcc847f8996314,client_62f4a7e64f5e0096,604861.0,762.0,4.253690564327753,0.001259793572407545,4-6,0.004737103307584282,0.0034773097351767372,2103.2890437287365,,,2025-12-16,2026-07-03,,keyword article,55,1175.0,0.008630081952713102,0.603864358918826,"(15.0, 1551.0]"
2,content_62770e1299963fe4,client_73cda7b4e4f265ea,522800.0,578.0,5.1044566023734985,0.0011055853098699312,4-6,0.004737103307584282,0.003631517997714351,1898.5576092050628,1685,11409,2026-03-17,2026-06-30,2026-06-30,keyword article,58,763.0,0.015386381025248662,0.5280317521040551,"(15.0, 1551.0]"
3,content_21309e9a83c83653,client_e547b89c05043229,593168.0,1021.0,4.9775192290570995,0.0017212661505677986,4-6,0.004737103307584282,0.0030158371570164835,1788.8980947531536,1214,8067,2025-03-21,2026-06-26,2026-06-26,keyword article,62,825.0,0.008894613330456127,0.5936210314784345,"(15.0, 1551.0]"
4,content_f352b7cfd0b2f434,client_62f4a7e64f5e0096,517211.0,668.0,4.011423807829819,0.0012915425232641997,4-6,0.004737103307584282,0.0034455607843200823,1782.081938818974,,,2025-12-16,2026-07-03,,keyword article,55,421.0,0.004296118992055467,0.5916231479995592,"(15.0, 1551.0]"
5,content_77276ad7a26f4905,client_e547b89c05043229,497234.0,757.0,5.828984939984704,0.001522422038718189,4-6,0.004737103307584282,0.003214681268866093,1598.448826043363,2674,16765,2024-12-19,2026-06-22,2026-06-22,keyword article,66,1294.0,0.04993825844572173,0.7851635246181878,"(15.0, 1551.0]"
6,content_33d31496fca9665e,client_73cda7b4e4f265ea,552397.0,124.0,6.182972215538406,0.00022447623719897103,7-10,0.0030568569578881422,0.0028323807206891713,1564.5986129665362,,,2025-09-25,2026-07-01,2026-07-01,keyword article,57,1335.0,0.005112265272983018,0.49927316766745655,"(15.0, 1551.0]"
7,content_599eba17030c875c,client_a80fca3f171ed1de,409812.0,429.0,5.873168207168818,0.0010468214693566806,4-6,0.004737103307584282,0.0036902818382276016,1512.3217806877299,2798,18715,2026-02-23,2026-05-20,,keyword article,99,677.0,0.011080690658155447,0.6012732667662245,"(15.0, 1551.0]"
8,content_39e19a3ec2d95f9d,client_1a730cb2640a1abf,380340.0,8.0,18.225568813959036,2.1033811852552978e-05,11-20,0.0033343717982357206,0.003313337986383168,1260.194969740974,2537,17921,2026-01-21,2026-05-25,2026-05-25,keyword article,94,11.0,0.0002760687805647578,0.002645001840458537,"(5.0, 15.0]"
9,content_9648c4d1595a0794,client_157ffe4d4a595515,272630.0,77.0,3.6517186855463573,0.0002824340681509738,4-6,0.004737103307584282,0.004454669239433308,1214.4764747467027,3528,24856,2025-09-02,2026-06-23,2026-06-23,keyword article,65,464.0,0.0313501815647581,0.5104940762205187,"(15.0, 1551.0]"
10,content_32c5cc913fb4ff41,client_8ddc46da5414ffd8,373286.0,575.0,5.814608833158382,0.001540373868829798,4-6,0.004737103307584282,0.003196729438754484,1193.2943452749062,2968,18090,2026-04-19,2026-05-20,,keyword article,99,198.0,0.0029441232727720834,0.18732285700508458,"(15.0, 1551.0]"
11,content_93aadc6eeccba7b8,client_62f4a7e64f5e0096,346673.0,462.0,5.053645807888108,0.0013326679608737918,4-6,0.004737103307584282,0.00340443534671049,1180.2258149501658,2589,16033,2025-12-16,2026-07-03,2026-06-11,keyword article,55,511.0,0.007557554236989901,0.7319202822256132,"(15.0, 1551.0]"
12,content_f107e54b10b43725,client_62f4a7e64f5e0096,566707.0,1520.0,4.807459164389505,0.00268216203434932,4-6,0.004737103307584282,0.0020549412732349622,1164.5496041311658,,,2026-01-05,2026-07-03,,keyword article,55,383.0,0.002886853347497031,0.49408600917228834,"(15.0, 1551.0]"
13,content_f2388a4b87a3b1dc,client_73cda7b4e4f265ea,321893.0,370.0,5.661482414829279,0.0011494502831686305,4-6,0.004737103307584282,0.0035876530244156515,1154.8403949882272,,,2025-07-31,2026-02-25,,keyword article,183,600.0,0.005153886539937184,0.6019391536939294,"(15.0, 1551.0]"
14,content_c1f764a2f362d1c3,client_a80fca3f171ed1de,396096.0,73.0,7.068914981465408,0.00018429875585716595,7-10,0.0030568569578881422,0.0028725582020309765,1137.8088135916616,3107,21396,2026-03-06,2026-05-20,,keyword article,99,688.0,0.006808955404750364,0.10287152609468411,"(15.0, 1551.0]"
15,content_6302b8bce0bb84cb,client_73cda7b4e4f265ea,347887.0,517.0,3.73658757953008,0.0014861147441554297,4-6,0.004737103307584282,0.0032509885634288524,1130.9766583655733,1007,7227,2025-07-31,2026-07-01,2026-07-01,keyword article,57,311.0,0.0007646160966060818,0.5660573692032183,"(15.0, 1551.0]"
16,content_471d9cabce329a66,client_73cda7b4e4f265ea,494316.0,1212.0,5.9466970358317335,0.002451872891025174,4-6,0.004737103307584282,0.002285230416559108,1129.625958591832,997,7271,2025-03-21,2026-06-26,2026-06-26,keyword article,62,817.0,0.019742431966596266,0.517102420314131,"(15.0, 1551.0]"
17,content_11bf4c33adea7bdc,client_0fa64a184f18a4a0,333680.0,2.0,14.7974104022788,5.993766482857828e-06,11-20,0.0033343717982357206,0.003328378031752863,1110.6131816352952,2947,21238,2026-03-11,2026-05-20,,keyword article,99,19.0,0.0021397746343802446,0.00195996163989451,"(15.0, 1551.0]"
18,content_f43118e089ecc69a,client_73cda7b4e4f265ea,503037.0,458.0,6.693235163411621,0.000910469806395951,7-10,0.0030568569578881422,0.0021463871514921912,1079.7121535251774,,,2026-01-12,2026-02-25,,keyword article,183,890.0,0.004224341350636236,0.5792297584471917,"(15.0, 1551.0]"
19,content_6eda21f7025fe783,client_23a62021009f63c4,310510.0,415.0,5.097132023399657,0.0013365109014202442,4-6,0.004737103307584282,0.003400592406164038,1055.9179480379955,2204,14714,2026-03-03,2026-06-26,2026-06-26,keyword article,62,312.0,0.0065311906218801325,0.7710444108080255,"(15.0, 1551.0]"
20,content_ac7b77e81c53d636,client_73cda7b4e4f265ea,311452.0,424.0,5.893601493101343,0.0013613654752578246,4-6,0.004737103307584282,0.0033757378323264575,1051.38029935374,2761,18472,2026-02-03,2026-02-25,,keyword article,183,415.0,0.007066899554345453,0.48396542645415663,"(15.0, 1551.0]"
21,content_b902320872acab45,client_8ddc46da5414ffd8,310736.0,447.0,5.792287953388797,0.0014385201585912157,4-6,0.004737103307584282,0.0032985831489930665,1024.9885333855095,2980,17979,2026-05-17,2026-05-20,,keyword article,99,177.0,0.005866716440965964,0.10896387930590598,"(15.0, 1551.0]"
22,content_e241d6415ac9e534,client_73cda7b4e4f265ea,382912.0,797.0,4.6741347435673966,0.002081418184857095,4-6,0.004737103307584282,0.002655685122727187,1016.8937017137126,,,2025-02-12,2026-06-23,2026-06-23,keyword article,65,639.0,0.015990619254554573,0.579879972421862,"(15.0, 1551.0]"
23,content_9540d884af3e41fd,client_a80fca3f171ed1de,349130.0,89.0,9.163086168675239,0.000254919371007934,7-10,0.0030568569578881422,0.002801937586880208,978.240469707487,2859,19196,2026-02-23,2026-06-01,,keyword article,87,961.0,0.012717325924440753,0.12192879443187352,"(15.0, 1551.0]"
24,content_684037d084cbe6cc,client_a80fca3f171ed1de,265496.0,283.0,4.813841578772623,0.0010659294301985718,4-6,0.004737103307584282,0.0036711738773857103,974.6819797503965,2658,17814,2026-03-04,2026-05-20,,keyword article,99,322.0,0.011374935968903486,0.6390567089523006,"(15.0, 1551.0]"
25,content_99fc6465edb0e52c,client_cd12bcfd98942aa1,279612.0,1.0,17.104321582090154,3.576384418408366e-06,11-20,0.0033343717982357206,0.003330795413817312,931.3303672482863,3338,20857,2025-10-24,2026-02-25,,keyword article,183,8.0,0.0007581934967025736,0.0010872208631961433,"(5.0, 15.0]"
26,content_15168cd1c94e3529,client_23a62021009f63c4,349176.0,773.0,4.135533867122923,0.002213783306985589,4-6,0.004737103307584282,0.0025233200005986933,881.0827845290494,3357,21255,2026-02-11,2026-05-20,,keyword article,99,88.0,0.0013259788759823127,0.1044086649712466,"(15.0, 1551.0]"
27,content_012de75c008aa653,client_a80fca3f171ed1de,255867.0,1.0,16.143977507303937,3.908280473839925e-06,11-20,0.0033343717982357206,0.0033304635177618808,852.1557088991791,3006,17736,2026-01-13,2026-05-20,,keyword article,99,64.0,0.0024739415399406724,0.006452571062309715,"(15.0, 1551.0]"
28,content_a503431efe530d6a,client_73cda7b4e4f265ea,289503.0,538.0,5.394568171322344,0.0018583572536381315,4-6,0.004737103307584282,0.0028787460539461507,833.4056188555725,1813,13611,2026-03-03,2026-07-02,2026-07-02,keyword article,56,284.0,0.002345398838699426,0.2893510602653513,"(15.0, 1551.0]"
29,content_fd2117c2c6790e4b,client_73cda7b4e4f265ea,302010.0,598.0,5.578496999099858,0.001980066885202477,4-6,0.004737103307584282,0.0027570364223818053,832.6525699235291,2975,18875,2025-02-14,2026-06-27,2026-06-27,keyword article,61,629.0,0.016237872918115293,0.5022548922221118,"(15.0, 1551.0]"
